Aaron Cresswell,32,Fri Dec 15 01:00:00 CET 1989,Premier League,2018/2019,Defender,0,England,0,0,0,0,0
Aaron Lennon,34,Thu Apr 16 02:00:00 CEST 1987,Premier League,2018/2019,Midfielder,0,England,1,1,0,0,0
Aaron Mooy,31,Sat Sep 15 02:00:00 CEST 1990,Premier League,2018/2019,Midfielder,0,Australia,3,1,2,1,0
Aaron Ramsey,31,Wed Dec 26 01:00:00 CET 1990,Premier League,2018/2019,Midfielder,0,Wales,4,2,2,0,0
Aaron Rowe,21,Thu Sep 07 02:00:00 CEST 2000,Premier League,2018/2019,Forward,0,England,0,0,0,0,0
Aaron Wan-Bissaka,24,Wed Nov 26 01:00:00 CET 1997,Premier League,2018/2019,Midfielder,0,England,0,0,0,0,0
Abdelhamid Sabiri,25,Thu Nov 28 01:00:00 CET 1996,Premier League,2018/2019,Midfielder,0,Morocco,0,0,0,0,0
Abdoulaye Doucouré,29,Fri Jan 01 01:00:00 CET 1993,Premier League,2018/2019,Midfielder,0,France,5,3,2,0,0
Aboubakar Kamara,26,Tue Mar 07 01:00:00 CET 1995,Premier League,2018/2019,Forward,0,France,3,1,2,1,1
Adalberto Peñaranda Maestre,24,Sat May 31 02:00:00 CEST 1997,Premier League,2018/2019,Forward,0,Venezuela,0,0,0,0,0
Adam David Lallana,33,Tue May 10 02:00:00 CEST 1988,Premier League,2018/2019,Midfielder,0,England,0,0,0,0,0
Adam Masina,28,Sun Jan 02 01:00:00 CET 1994,Premier League,2018/2019,Defender,0,Italy,0,0,0,0,0
Adam Smith,30,Mon Apr 29 02:00:00 CEST 1991,Premier League,2018/2019,Defender,0,England,1,1,0,0,0
Adama Diakhaby,25,Fri Jul 05 02:00:00 CEST 1996,Premier League,2018/2019,Forward,0,France,0,0,0,0,0
Adama Traoré Diarra,25,Thu Jan 25 01:00:00 CET 1996,Premier League,2018/2019,Midfielder,0,Spain,1,0,1,0,0
Ademola Lookman,24,Mon Oct 20 02:00:00 CEST 1997,Premier League,2018/2019,Forward,0,England,0,0,0,0,0
Adrian Mariappa,35,Fri Oct 03 01:00:00 CET 1986,Premier League,2018/2019,Defender,0,Jamaica,0,0,0,0,0
Adrián San Miguel del Castillo,35,Sat Jan 03 01:00:00 CET 1987,Premier League,2018/2019,Goalkeeper,0,Spain,0,0,0,0,0
Adrien Sebastian Perruchet Silva,32,Wed Mar 15 01:00:00 CET 1989,Premier League,2018/2019,Midfielder,0,Portugal,0,0,0,0,0
Ainsley Maitland-Niles,24,Fri Aug 29 02:00:00 CEST 1997,Premier League,2018/2019,Midfielder,0,England,1,0,1,0,0
Alberto Moreno,29,Sun Jul 05 02:00:00 CEST 1992,Premier League,2018/2019,Defender,0,Spain,0,0,0,0,0
Aleksandar Mitrović,27,Fri Sep 16 02:00:00 CEST 1994,Premier League,2018/2019,Forward,0,Serbia,11,8,3,1,0
Alex Iwobi,25,Fri May 03 02:00:00 CEST 1996,Premier League,2018/2019,Forward,0,Nigeria,3,1,2,0,0
Alex McCarthy,32,Sun Dec 03 01:00:00 CET 1989,Premier League,2018/2019,Goalkeeper,0,England,0,0,0,0,0
Alex Oxlade-Chamberlain,28,Sun Aug 15 02:00:00 CEST 1993,Premier League,2018/2019,Midfielder,0,England,0,0,0,0,0
Alex Pritchard,28,Mon May 03 02:00:00 CEST 1993,Premier League,2018/2019,Midfielder,0,England,2,1,1,0,0
Alex Smithies,31,Mon Mar 05 01:00:00 CET 1990,Premier League,2018/2019,Goalkeeper,0,England,0,0,0,0,0
Alexander Sørloth,26,Tue Dec 05 01:00:00 CET 1995,Premier League,2018/2019,Forward,0,Norway,0,0,0,0,0
Alexandre Lacazette,30,Tue May 28 02:00:00 CEST 1991,Premier League,2018/2019,Forward,0,France,13,9,4,0,0
Alexandre Nascimento Costa Silva,24,Sun Mar 16 01:00:00 CET 1997,Premier League,2018/2019,Forward,0,Portugal,0,0,0,0,0
Alexis Sanchez,33,Mon Dec 19 01:00:00 CET 1988,Premier League,2018/2019,Forward,0,Chile,1,1,0,0,0
Alfie Jones,24,Tue Oct 07 02:00:00 CEST 1997,Premier League,2018/2019,Defender,0,England,0,0,0,0,0
Alfie Mawson,27,Wed Jan 19 01:00:00 CET 1994,Premier League,2018/2019,Defender,0,England,0,0,0,0,0
Alfie Whiteman,23,Fri Oct 02 02:00:00 CEST 1998,Premier League,2018/2019,Goalkeeper,0,England,0,0,0,0,0
Ali Koiki,21,Tue Aug 22 02:00:00 CEST 2000,Premier League,2018/2019,Defender,0,England,0,0,0,0,0
Alireza Jahanbakhsh,28,Wed Aug 11 02:00:00 CEST 1993,Premier League,2018/2019,Forward,0,Iran,0,0,0,0,0
Alisson Becker,29,Fri Oct 02 01:00:00 CET 1992,Premier League,2018/2019,Goalkeeper,0,Brazil,0,0,0,0,0
Alvaro Morata,29,Fri Oct 23 01:00:00 CET 1992,Premier League,2018/2019,Forward,0,Spain,5,3,2,0,0
Ander Herrera,32,Mon Aug 14 02:00:00 CEST 1989,Premier League,2018/2019,Midfielder,0,Spain,2,0,2,0,0
André Filipe Tavares Gomes,28,Fri Jul 30 02:00:00 CEST 1993,Premier League,2018/2019,Midfielder,0,Portugal,1,1,0,0,0
Andre Gray,30,Wed Jun 26 02:00:00 CEST 1991,Premier League,2018/2019,Forward,0,England,7,5,2,0,0
André Schürrle,31,Tue Nov 06 01:00:00 CET 1990,Premier League,2018/2019,Midfielder,0,Germany,6,3,3,0,0
André-Frank Zambo Anguissa,26,Thu Nov 16 01:00:00 CET 1995,Premier League,2018/2019,Midfielder,0,Cameroon,0,0,0,0,0
Andreas Christensen,25,Wed Apr 10 02:00:00 CEST 1996,Premier League,2018/2019,Defender,0,Denmark,0,0,0,0,0
Andreas Pereira,26,Mon Jan 01 01:00:00 CET 1996,Premier League,2018/2019,Midfielder,0,Brazil,1,1,0,0,0
Andrew Robertson,27,Fri Mar 11 01:00:00 CET 1994,Premier League,2018/2019,Defender,0,Scotland,0,0,0,0,0
Andrew Surman,35,Wed Aug 20 02:00:00 CEST 1986,Premier League,2018/2019,Midfielder,0,England,0,0,0,0,0
Andriy Yarmolenko,32,Mon Oct 23 01:00:00 CET 1989,Premier League,2018/2019,Forward,0,Ukraine,2,0,2,0,0
Andros Townsend,30,Tue Jul 16 02:00:00 CEST 1991,Premier League,2018/2019,Midfielder,0,England,6,2,4,0,0
Andy Carroll,33,Fri Jan 06 01:00:00 CET 1989,Premier League,2018/2019,Forward,0,England,0,0,0,0,0
Angel Gomes,21,Thu Aug 31 02:00:00 CEST 2000,Premier League,2018/2019,Midfielder,0,England,0,0,0,0,0
Angelo Ogbonna,33,Mon May 23 02:00:00 CEST 1988,Premier League,2018/2019,Defender,0,Italy,1,1,0,0,0
Angus Gunn,25,Mon Jan 22 01:00:00 CET 1996,Premier League,2018/2019,Goalkeeper,0,England,0,0,0,0,0
Anthony Driscoll-Glennon,22,Fri Nov 26 01:00:00 CET 1999,Premier League,2018/2019,Defender,0,England,0,0,0,0,0
Anthony Knockaert,30,Wed Nov 20 01:00:00 CET 1991,Premier League,2018/2019,Midfielder,0,France,2,1,1,0,0
Anthony Martial,26,Tue Dec 05 01:00:00 CET 1995,Premier League,2018/2019,Forward,0,France,10,4,6,1,0
Antonio Barreca,26,Sat Mar 18 01:00:00 CET 1995,Premier League,2018/2019,Defender,0,Italy,0,0,0,0,0
Antonio Rüdiger,28,Wed Mar 03 01:00:00 CET 1993,Premier League,2018/2019,Defender,0,Germany,1,1,0,0,0
Antonio Valencia,36,Sun Aug 04 02:00:00 CEST 1985,Premier League,2018/2019,Defender,0,Ecuador,0,0,0,0,0
Arijanet Muric,23,Sat Nov 07 01:00:00 CET 1998,Premier League,2018/2019,Goalkeeper,0,Montenegro,0,0,0,0,0
Aron Einar Gunnarsson,32,Sat Apr 22 02:00:00 CEST 1989,Premier League,2018/2019,Midfielder,0,Iceland,1,1,0,0,0
Arthur Masuaku,28,Sun Nov 07 01:00:00 CET 1993,Premier League,2018/2019,Defender,0,France,0,0,0,0,0
Artur Boruc,41,Wed Feb 20 01:00:00 CET 1980,Premier League,2018/2019,Goalkeeper,0,Poland,0,0,0,0,0
Ashley Barnes,32,Mon Oct 30 01:00:00 CET 1989,Premier League,2018/2019,Forward,0,England,12,6,6,2,0
Ashley Westwood,31,Sun Apr 01 02:00:00 CEST 1990,Premier League,2018/2019,Midfielder,0,England,2,0,2,0,0
Ashley Young,36,Tue Jul 09 02:00:00 CEST 1985,Premier League,2018/2019,Midfielder,0,England,2,1,1,0,0
Asmir Begović,34,Sat Jun 20 02:00:00 CEST 1987,Premier League,2018/2019,Goalkeeper,0,Bosnia and Herzegovina,0,0,0,0,0
Aymeric Laporte,27,Fri May 27 02:00:00 CEST 1994,Premier League,2018/2019,Defender,0,France,3,0,3,0,0
Ayoze Perez,28,Thu Jul 29 02:00:00 CEST 1993,Premier League,2018/2019,Forward,0,Spain,12,9,3,0,0
Bakary Sako,33,Tue Apr 26 02:00:00 CEST 1988,Premier League,2018/2019,Midfielder,0,Mali,0,0,0,0,0
Bakayo Sako,0,Thu Jan 01 01:00:00 CET 1970,Premier League,2018/2019,Midfielder,0,England,0,0,0,0,0
Ben Chilwell,25,Sat Dec 21 01:00:00 CET 1996,Premier League,2018/2019,Defender,0,England,0,0,0,0,0
Ben Davies,28,Sat Apr 24 02:00:00 CEST 1993,Premier League,2018/2019,Defender,0,Wales,0,0,0,0,0
Ben Foster,38,Sun Apr 03 02:00:00 CEST 1983,Premier League,2018/2019,Goalkeeper,0,England,0,0,0,0,0
Ben Gibson,28,Fri Jan 15 01:00:00 CET 1993,Premier League,2018/2019,Defender,0,England,1,1,0,0,0
Ben Hamer,34,Fri Nov 20 01:00:00 CET 1987,Premier League,2018/2019,Goalkeeper,0,England,0,0,0,0,0
Ben Mee,32,Thu Sep 21 02:00:00 CEST 1989,Premier League,2018/2019,Defender,0,England,0,0,0,0,0
Ben White,24,Wed Oct 08 02:00:00 CEST 1997,Premier League,2018/2019,Defender,0,England,0,0,0,0,0
Ben Wilmot,22,Thu Nov 04 01:00:00 CET 1999,Premier League,2018/2019,Defender,0,England,0,0,0,0,0
Benjamin Johnson,21,Mon Jan 24 01:00:00 CET 2000,Premier League,2018/2019,Forward,0,England,0,0,0,0,0
Benjamin Mendy,27,Sun Jul 17 02:00:00 CEST 1994,Premier League,2018/2019,Defender,0,France,0,0,0,0,0
Beram Kayal,33,Mon May 02 02:00:00 CEST 1988,Premier League,2018/2019,Midfielder,0,Israel,1,0,1,0,0
Bernard Anício Caldeira Duarte,29,Tue Sep 08 02:00:00 CEST 1992,Premier League,2018/2019,Midfielder,0,Brazil,1,0,1,0,0
Bernardo,26,Sun May 14 02:00:00 CEST 1995,Premier League,2018/2019,Defender,0,Brazil,0,0,0,0,0
Bernardo Silva,27,Wed Aug 10 02:00:00 CEST 1994,Premier League,2018/2019,Midfielder,0,Portugal,7,2,5,0,0
Bernd Leno,29,Wed Mar 04 01:00:00 CET 1992,Premier League,2018/2019,Goalkeeper,0,Germany,0,0,0,0,0
Bobby Reid,28,Tue Feb 02 01:00:00 CET 1993,Premier League,2018/2019,Midfielder,0,England,5,4,1,1,0
Brian Murphy,38,Sat May 07 02:00:00 CEST 1983,Premier League,2018/2019,Goalkeeper,0,Republic of Ireland,0,0,0,0,0
Bright Enobakhare,23,Sun Feb 08 01:00:00 CET 1998,Premier League,2018/2019,Forward,0,England,0,0,0,0,0
Bruno Écuélé Manga,33,Sat Jul 16 02:00:00 CEST 1988,Premier League,2018/2019,Defender,0,Gabon,0,0,0,0,0
Bruno Saltor Grau,41,Wed Oct 01 01:00:00 CET 1980,Premier League,2018/2019,Defender,0,Spain,0,0,0,0,0
Caglar Söyüncü,25,Thu May 23 02:00:00 CEST 1996,Premier League,2018/2019,Defender,0,Turkey,0,0,0,0,0
Callum Hudson-Odoi,21,Tue Nov 07 01:00:00 CET 2000,Premier League,2018/2019,Midfielder,0,England,0,0,0,0,0
Callum Paterson,27,Thu Oct 13 01:00:00 CET 1994,Premier League,2018/2019,Defender,0,Scotland,4,3,1,0,0
Callum Roberts,24,Mon Apr 14 02:00:00 CEST 1997,Premier League,2018/2019,Forward,0,England,0,0,0,0,0
Callum Slattery,22,Mon Feb 08 01:00:00 CET 1999,Premier League,2018/2019,Midfielder,0,England,0,0,0,0,0
Callum Wilson,29,Thu Feb 27 01:00:00 CET 1992,Premier League,2018/2019,Forward,0,England,14,5,9,1,1
Calum Chambers,26,Fri Jan 20 01:00:00 CET 1995,Premier League,2018/2019,Defender,0,England,2,2,0,0,0
Cameron John,22,Tue Aug 24 02:00:00 CEST 1999,Premier League,2018/2019,Defender,0,England,0,0,0,0,0
Carl Jenkinson,29,Sat Feb 08 01:00:00 CET 1992,Premier League,2018/2019,Defender,0,England,0,0,0,0,0
Carlos Sánchez,35,Thu Feb 06 01:00:00 CET 1986,Premier League,2018/2019,Midfielder,0,Colombia,0,0,0,0,0
Cedric Soares,30,Sat Aug 31 02:00:00 CEST 1991,Premier League,2018/2019,Defender,0,Portugal,1,1,0,0,0
Cenk Tosun,30,Fri Jun 07 02:00:00 CEST 1991,Premier League,2018/2019,Forward,0,Turkey,3,2,1,0,0
Cesar Azpilicueta,32,Mon Aug 28 02:00:00 CEST 1989,Premier League,2018/2019,Defender,0,Spain,1,0,1,0,0
Cesc Fabregas,34,Mon May 04 02:00:00 CEST 1987,Premier League,2018/2019,Midfielder,0,Spain,0,0,0,0,0
Charlie Austin,32,Wed Jul 05 02:00:00 CEST 1989,Premier League,2018/2019,Forward,0,England,2,1,1,0,1
Charlie Daniels,35,Sun Sep 07 02:00:00 CEST 1986,Premier League,2018/2019,Defender,0,England,1,1,0,0,0
Charlie Taylor,28,Sat Sep 18 02:00:00 CEST 1993,Premier League,2018/2019,Defender,0,England,0,0,0,0,0
Cheikhou Kouyaté,32,Thu Dec 21 01:00:00 CET 1989,Premier League,2018/2019,Midfielder,0,Senegal,0,0,0,0,0
Chris Löwe,32,Sun Apr 16 02:00:00 CEST 1989,Premier League,2018/2019,Defender,0,Germany,0,0,0,0,0
Chris Mepham,24,Wed Nov 05 01:00:00 CET 1997,Premier League,2018/2019,Defender,0,Wales,0,0,0,0,0
Chris Smalling,32,Wed Nov 22 01:00:00 CET 1989,Premier League,2018/2019,Defender,0,England,1,0,1,0,0
Chris Wood,30,Sat Dec 07 01:00:00 CET 1991,Premier League,2018/2019,Forward,0,New Zealand,10,4,6,0,0
Christian Atsu Twasam,30,Fri Jan 10 01:00:00 CET 1992,Premier League,2018/2019,Midfielder,0,Ghana,1,1,0,0,0
Christian Benteke,31,Mon Dec 03 01:00:00 CET 1990,Premier League,2018/2019,Forward,0,Belgium,1,0,1,0,0
Christian Eriksen,29,Fri Feb 14 01:00:00 CET 1992,Premier League,2018/2019,Midfielder,0,Denmark,8,6,2,0,0
Christian Fuchs,35,Mon Apr 07 02:00:00 CEST 1986,Premier League,2018/2019,Defender,0,Austria,0,0,0,0,0
Christian Kabasele,30,Sun Feb 24 01:00:00 CET 1991,Premier League,2018/2019,Defender,0,Belgium,0,0,0,0,0
Christopher Schindler,31,Sun Apr 29 02:00:00 CEST 1990,Premier League,2018/2019,Defender,0,Germany,1,0,1,0,0
Ciaran Clark,32,Tue Sep 26 01:00:00 CET 1989,Premier League,2018/2019,Defender,0,Republic of Ireland,3,1,2,0,0
Claudio Andrés Bravo Muñoz,38,Wed Apr 13 02:00:00 CEST 1983,Premier League,2018/2019,Goalkeeper,0,Chile,0,0,0,0,0
Collin Quaner,30,Tue Jun 18 02:00:00 CEST 1991,Premier League,2018/2019,Forward,0,Germany,0,0,0,0,0
Connor Wickham,28,Wed Mar 31 02:00:00 CEST 1993,Premier League,2018/2019,Forward,0,England,0,0,0,0,0
Conor Coady,28,Thu Feb 25 01:00:00 CET 1993,Premier League,2018/2019,Midfielder,0,England,0,0,0,0,0
Conor Coventry,21,Sat Mar 25 01:00:00 CET 2000,Premier League,2018/2019,Midfielder,0,Republic of Ireland,0,0,0,0,0
Craig Cathcart,32,Mon Feb 06 01:00:00 CET 1989,Premier League,2018/2019,Defender,0,Northern Ireland,3,1,2,0,0
Curtis Jones,20,Tue Jan 30 01:00:00 CET 2001,Premier League,2018/2019,Midfielder,0,England,0,0,0,0,0
Cyrus Christie,29,Wed Sep 30 01:00:00 CET 1992,Premier League,2018/2019,Defender,0,Republic of Ireland,0,0,0,0,0
Dale Stephens,32,Mon Jun 12 02:00:00 CEST 1989,Premier League,2018/2019,Midfielder,0,England,1,0,1,0,0
Damián Emiliano Martínez,29,Wed Sep 02 02:00:00 CEST 1992,Premier League,2018/2019,Goalkeeper,0,Argentina,0,0,0,0,0
Dan Burn,29,Sat May 09 02:00:00 CEST 1992,Premier League,2018/2019,Defender,0,England,0,0,0,0,0
Dan Gosling,31,Thu Feb 01 01:00:00 CET 1990,Premier League,2018/2019,Midfielder,0,England,2,0,2,0,0
Daniel Amartey,27,Wed Dec 21 01:00:00 CET 1994,Premier League,2018/2019,Midfielder,0,Ghana,0,0,0,0,0
Daniel Sturridge,32,Fri Sep 01 02:00:00 CEST 1989,Premier League,2018/2019,Forward,0,England,2,1,1,0,0
Daniel William John Ings,29,Thu Jul 23 02:00:00 CEST 1992,Premier League,2018/2019,Forward,0,England,7,3,4,3,0
Daniel Williams,32,Wed Mar 08 01:00:00 CET 1989,Premier League,2018/2019,Midfielder,0,USA,0,0,0,0,0
Danilo,30,Mon Jul 15 02:00:00 CEST 1991,Premier League,2018/2019,Defender,0,Brazil,1,0,1,0,0
Danny Drinkwater,31,Mon Mar 05 01:00:00 CET 1990,Premier League,2018/2019,Midfielder,0,England,0,0,0,0,0
Danny Rose,31,Mon Jul 02 02:00:00 CEST 1990,Premier League,2018/2019,Defender,0,England,0,0,0,0,0
Danny Simpson,35,Sun Jan 04 01:00:00 CET 1987,Premier League,2018/2019,Defender,0,England,0,0,0,0,0
Danny Ward,28,Tue Jun 22 02:00:00 CEST 1993,Premier League,2018/2019,Goalkeeper,0,Wales,0,0,0,0,0
Danny Ward,31,Sun Dec 09 01:00:00 CET 1990,Premier League,2018/2019,Forward,0,England,1,1,0,0,0
Danny Welbeck,31,Mon Nov 26 01:00:00 CET 1990,Premier League,2018/2019,Forward,0,England,1,1,0,0,0
Daryl Janmaat,32,Sat Jul 22 02:00:00 CEST 1989,Premier League,2018/2019,Defender,0,Netherlands,0,0,0,0,0
David Brooks,24,Tue Jul 08 02:00:00 CEST 1997,Premier League,2018/2019,Forward,0,England,7,4,3,0,0
David Button,32,Mon Feb 27 01:00:00 CET 1989,Premier League,2018/2019,Goalkeeper,0,England,0,0,0,0,0
David de Gea,31,Wed Nov 07 01:00:00 CET 1990,Premier League,2018/2019,Goalkeeper,0,Spain,0,0,0,0,0
David Junior Hoilett,31,Tue Jun 05 02:00:00 CEST 1990,Premier League,2018/2019,Forward,0,Canada,3,2,1,0,0
David Luiz,34,Wed Apr 22 02:00:00 CEST 1987,Premier League,2018/2019,Defender,0,Brazil,3,3,0,0,0
David Silva,36,Wed Jan 08 01:00:00 CET 1986,Premier League,2018/2019,Midfielder,0,Spain,6,4,2,0,0
Davide Zappacosta,29,Thu Jun 11 02:00:00 CEST 1992,Premier League,2018/2019,Defender,0,Italy,0,0,0,0,0
Davinson Sánchez Mina,25,Wed Jun 12 02:00:00 CEST 1996,Premier League,2018/2019,Defender,0,Colombia,1,1,0,0,0
Davy Pröpper,30,Mon Sep 02 02:00:00 CEST 1991,Premier League,2018/2019,Midfielder,0,Netherlands,1,0,1,0,0
DeAndre Yedlin,28,Fri Jul 09 02:00:00 CEST 1993,Premier League,2018/2019,Defender,0,USA,1,0,1,0,0
Declan Rice,23,Thu Jan 14 01:00:00 CET 1999,Premier League,2018/2019,Midfielder,0,Republic of Ireland,2,2,0,0,0
Dejan Lovren,32,Wed Jul 05 02:00:00 CEST 1989,Premier League,2018/2019,Defender,0,Croatia,1,1,0,0,0
Dele Alli,25,Thu Apr 11 02:00:00 CEST 1996,Premier League,2018/2019,Midfielder,0,England,5,1,4,0,0
Demarai Gray,25,Fri Jun 28 02:00:00 CEST 1996,Premier League,2018/2019,Midfielder,0,England,4,1,3,0,0
Demeaco Duhaney,23,Tue Oct 13 02:00:00 CEST 1998,Premier League,2018/2019,Defender,0,England,0,0,0,0,0
Denis Odoi,33,Fri May 27 02:00:00 CEST 1988,Premier League,2018/2019,Defender,0,Belgium,0,0,0,0,0
Denis Suárez,28,Thu Jan 06 01:00:00 CET 1994,Premier League,2018/2019,Midfielder,0,Spain,0,0,0,0,0
Diego Rico,28,Tue Feb 23 01:00:00 CET 1993,Premier League,2018/2019,Defender,0,Spain,0,0,0,0,0
Diogo José Teixeira da Silva,25,Wed Dec 04 01:00:00 CET 1996,Premier League,2018/2019,Midfielder,0,Portugal,9,7,2,0,0
Divock Origi,26,Tue Apr 18 02:00:00 CEST 1995,Premier League,2018/2019,Forward,0,Belgium,3,2,1,0,0
Domingos Quina,22,Thu Nov 18 01:00:00 CET 1999,Premier League,2018/2019,Midfielder,0,Portugal,1,1,0,0,0
Dominic Calvert-Lewin,24,Sun Mar 16 01:00:00 CET 1997,Premier League,2018/2019,Forward,0,England,6,3,3,0,0
Dominic Solanke,24,Sun Sep 14 02:00:00 CEST 1997,Premier League,2018/2019,Forward,0,England,0,0,0,0,0
Dwight McNeil,22,Mon Nov 22 01:00:00 CET 1999,Premier League,2018/2019,Forward,0,England,3,3,0,0,0
Eden Hazard,31,Mon Jan 07 01:00:00 CET 1991,Premier League,2018/2019,Midfielder,0,Belgium,16,11,5,4,0
Ederson,28,Tue Aug 17 02:00:00 CEST 1993,Premier League,2018/2019,Goalkeeper,0,Brazil,0,0,0,0,0
Edward Nketiah,22,Sun May 30 02:00:00 CEST 1999,Premier League,2018/2019,Forward,0,England,1,0,1,0,0
Elias Kachunga,29,Wed Apr 22 02:00:00 CEST 1992,Premier League,2018/2019,Forward,0,Congo DR,0,0,0,0,0
Emerson Hyndman,25,Tue Apr 09 02:00:00 CEST 1996,Premier League,2018/2019,Midfielder,0,USA,0,0,0,0,0
Emerson Palmieri dos Santos,27,Wed Aug 03 02:00:00 CEST 1994,Premier League,2018/2019,Defender,0,Italy,0,0,0,0,0
Emile Smith Rowe,21,Fri Jul 28 02:00:00 CEST 2000,Premier League,2018/2019,Midfielder,0,England,0,0,0,0,0
Eric Bertrand Bailly,27,Tue Apr 12 02:00:00 CEST 1994,Premier League,2018/2019,Defender,0,Côte d'Ivoire,0,0,0,0,0
Eric Dier,27,Sat Jan 15 01:00:00 CET 1994,Premier League,2018/2019,Midfielder,0,England,3,2,1,0,0
Erik Durm,29,Tue May 12 02:00:00 CEST 1992,Premier League,2018/2019,Defender,0,Germany,0,0,0,0,0
Erik Lamela,29,Wed Mar 04 01:00:00 CET 1992,Premier League,2018/2019,Midfielder,0,Argentina,4,1,3,0,0
Ethan Ampadu,21,Thu Sep 14 02:00:00 CEST 2000,Premier League,2018/2019,Midfielder,0,Wales,0,0,0,0,0
Etienne Capoue,33,Mon Jul 11 02:00:00 CEST 1988,Premier League,2018/2019,Midfielder,0,France,1,0,1,0,0
Fabián Cornelio Balbuena González,30,Fri Aug 23 02:00:00 CEST 1991,Premier League,2018/2019,Defender,0,Paraguay,1,0,1,0,0
Fabian Delph,32,Tue Nov 21 01:00:00 CET 1989,Premier League,2018/2019,Midfielder,0,England,0,0,0,0,0
Fabian Schär,30,Fri Dec 20 01:00:00 CET 1991,Premier League,2018/2019,Defender,0,Switzerland,4,3,1,0,0
Fabinho,28,Sat Oct 23 01:00:00 CET 1993,Premier League,2018/2019,Midfielder,0,Brazil,1,1,0,0,0
Fabricio Martín Agosto Ramírez,34,Thu Dec 31 01:00:00 CET 1987,Premier League,2018/2019,Goalkeeper,0,Spain,0,0,0,0,0
Faustino Marcos Alberto Rojo,31,Tue Mar 20 01:00:00 CET 1990,Premier League,2018/2019,Defender,0,Argentina,0,0,0,0,0
Federico Fernández,32,Tue Feb 21 01:00:00 CET 1989,Premier League,2018/2019,Defender,0,Argentina,0,0,0,0,0
Felipe Anderson Pereira Gomes,28,Thu Apr 15 02:00:00 CEST 1993,Premier League,2018/2019,Midfielder,0,Brazil,9,4,5,0,0
Fernando Llorente Torres,36,Tue Feb 26 01:00:00 CET 1985,Premier League,2018/2019,Forward,0,Spain,1,1,0,0,0
Fernando Luiz Rosa,36,Sat May 04 02:00:00 CEST 1985,Premier League,2018/2019,Midfielder,0,Brazil,1,1,0,0,0
Florent Hadergjonaj,27,Sun Jul 31 02:00:00 CEST 1994,Premier League,2018/2019,Defender,0,Switzerland,0,0,0,0,0
Florian Lejeune,30,Mon May 20 02:00:00 CEST 1991,Premier League,2018/2019,Defender,0,France,0,0,0,0,0
Florin Andone,28,Sun Apr 11 02:00:00 CEST 1993,Premier League,2018/2019,Forward,0,Romania,3,2,1,0,0
Floyd Ayité,33,Thu Dec 15 01:00:00 CET 1988,Premier League,2018/2019,Midfielder,0,Togo,1,0,1,0,0
Fousseni Diabaté,26,Wed Oct 18 01:00:00 CET 1995,Premier League,2018/2019,Midfielder,0,Mali,0,0,0,0,0
Francisco Femenía Far,30,Sat Feb 02 01:00:00 CET 1991,Premier League,2018/2019,Midfielder,0,Spain,1,1,0,0,0
Fraser Forster,33,Thu Mar 17 01:00:00 CET 1988,Premier League,2018/2019,Goalkeeper,0,England,0,0,0,0,0
Freddie Woodman,24,Tue Mar 04 01:00:00 CET 1997,Premier League,2018/2019,Goalkeeper,0,England,0,0,0,0,0
Frederico Rodrigues Santos,28,Fri Mar 05 01:00:00 CET 1993,Premier League,2018/2019,Midfielder,0,Brazil,1,1,0,0,0
Gabriel Jesus,24,Thu Apr 03 02:00:00 CEST 1997,Premier League,2018/2019,Forward,0,Brazil,7,5,2,1,0
Gaëtan Bong Songo,33,Mon Apr 25 02:00:00 CEST 1988,Premier League,2018/2019,Defender,0,Cameroon,0,0,0,0,0
Gary Cahill,36,Thu Dec 19 01:00:00 CET 1985,Premier League,2018/2019,Defender,0,England,0,0,0,0,0
Gary Madine,31,Fri Aug 24 02:00:00 CEST 1990,Premier League,2018/2019,Forward,0,England,0,0,0,0,0
George Marsh,23,Thu Nov 05 01:00:00 CET 1998,Premier League,2018/2019,Midfielder,0,England,0,0,0,0,0
Georges-Kevin N'Koudou Mbida,26,Mon Feb 13 01:00:00 CET 1995,Premier League,2018/2019,Forward,0,France,0,0,0,0,0
Georginio Wijnaldum,31,Sun Nov 11 01:00:00 CET 1990,Premier League,2018/2019,Midfielder,0,Netherlands,3,1,2,0,0
Gerard Deulofeu,27,Sun Mar 13 01:00:00 CET 1994,Premier League,2018/2019,Forward,0,Spain,10,3,7,0,0
Glenn Murray,38,Sun Sep 25 02:00:00 CEST 1983,Premier League,2018/2019,Forward,0,England,13,8,5,4,0
Gonzalo Higuain,34,Thu Dec 10 01:00:00 CET 1987,Premier League,2018/2019,Forward,0,Argentina,5,4,1,0,0
Grady Diangana,23,Sun Apr 19 02:00:00 CEST 1998,Premier League,2018/2019,Midfielder,0,England,0,0,0,0,0
Granit Xhaka,29,Sun Sep 27 02:00:00 CEST 1992,Premier League,2018/2019,Midfielder,0,Switzerland,4,2,2,0,0
Greg Cunningham,30,Thu Jan 31 01:00:00 CET 1991,Premier League,2018/2019,Defender,0,Republic of Ireland,0,0,0,0,0
Gylfi Sigurdsson,32,Fri Sep 08 02:00:00 CEST 1989,Premier League,2018/2019,Midfielder,0,Iceland,13,7,6,2,3
Hamza Choudhury,24,Wed Oct 01 02:00:00 CEST 1997,Premier League,2018/2019,Midfielder,0,England,0,0,0,0,0
Harry Arter,32,Thu Dec 28 01:00:00 CET 1989,Premier League,2018/2019,Midfielder,0,Republic of Ireland,0,0,0,0,0
Harry Kane,28,Wed Jul 28 02:00:00 CEST 1993,Premier League,2018/2019,Forward,0,England,17,6,11,4,0
Harry Maguire,28,Fri Mar 05 01:00:00 CET 1993,Premier League,2018/2019,Defender,0,England,3,0,3,0,0
Harry Winks,25,Fri Feb 02 01:00:00 CET 1996,Premier League,2018/2019,Midfielder,0,England,1,0,1,0,0
Harvey Elliot,0,Thu Jan 01 01:00:00 CET 1970,Premier League,2018/2019,Forward,0,England,0,0,0,0,0
Harvey Lewis Barnes,24,Tue Dec 09 01:00:00 CET 1997,Premier League,2018/2019,Midfielder,0,England,1,0,1,0,0
Håvard Nordtveit,31,Thu Jun 21 02:00:00 CEST 1990,Premier League,2018/2019,Midfielder,0,Norway,0,0,0,0,0
Hector Bellerin,26,Sun Mar 19 01:00:00 CET 1995,Premier League,2018/2019,Defender,0,Spain,0,0,0,0,0
Hélder Wander Sousa Azevedo Costa,28,Wed Jan 12 01:00:00 CET 1994,Premier League,2018/2019,Midfielder,0,Portugal,1,0,1,0,0
Henrikh Mkhitaryan,32,Sat Jan 21 01:00:00 CET 1989,Premier League,2018/2019,Midfielder,0,Armenia,6,3,3,0,0
Heung-Min Son,29,Wed Jul 08 02:00:00 CEST 1992,Premier League,2018/2019,Forward,0,South Korea,12,8,4,0,0
Heurelho da Silva Gomes,40,Sun Feb 15 01:00:00 CET 1981,Premier League,2018/2019,Goalkeeper,0,Brazil,0,0,0,0,0
Hugo Lloris,35,Fri Dec 26 01:00:00 CET 1986,Premier League,2018/2019,Goalkeeper,0,France,0,0,0,0,0
Ibrahima Cissé,27,Mon Feb 28 01:00:00 CET 1994,Premier League,2018/2019,Midfielder,0,Belgium,0,0,0,0,0
Idrissa Gana Gueye,32,Tue Sep 26 01:00:00 CET 1989,Premier League,2018/2019,Midfielder,0,Senegal,0,0,0,0,0
İlkay Gündoğan,31,Wed Oct 24 01:00:00 CET 1990,Premier League,2018/2019,Midfielder,0,Germany,6,4,2,0,0
Isaac Ajayi Success,26,Sun Jan 07 01:00:00 CET 1996,Premier League,2018/2019,Forward,0,Nigeria,1,1,0,0,0
Isaac Hayden,26,Wed Mar 22 01:00:00 CET 1995,Premier League,2018/2019,Midfielder,0,England,1,0,1,0,0
Isaac Mbenza,25,Fri Mar 08 01:00:00 CET 1996,Premier League,2018/2019,Forward,0,Belgium,1,1,0,0,0
Issa Diop,25,Thu Jan 09 01:00:00 CET 1997,Premier League,2018/2019,Defender,0,France,1,1,0,0,0
Ivan Ricardo Neves Abreu Cavaleiro,28,Mon Oct 18 01:00:00 CET 1993,Premier League,2018/2019,Forward,0,Portugal,3,2,1,0,0
Jack Cork,32,Sun Jun 25 02:00:00 CEST 1989,Premier League,2018/2019,Midfielder,0,England,1,1,0,0,0
Jack Simpson,25,Wed Dec 18 01:00:00 CET 1996,Premier League,2018/2019,Defender,0,England,0,0,0,0,0
Jack Stephens,27,Thu Jan 27 01:00:00 CET 1994,Premier League,2018/2019,Defender,0,England,1,1,0,0,0
Jack Wilshere,30,Wed Jan 01 01:00:00 CET 1992,Premier League,2018/2019,Midfielder,0,England,0,0,0,0,0
Jacob Murphy,26,Fri Feb 24 01:00:00 CET 1995,Premier League,2018/2019,Midfielder,0,England,0,0,0,0,0
Jaïro Riedewald,25,Mon Sep 09 02:00:00 CEST 1996,Premier League,2018/2019,Defender,0,Netherlands,0,0,0,0,0
Jamal Lascelles,28,Thu Nov 11 01:00:00 CET 1993,Premier League,2018/2019,Defender,0,England,0,0,0,0,0
James Garner,20,Tue Mar 13 01:00:00 CET 2001,Premier League,2018/2019,Defender,0,England,0,0,0,0,0
James Maddison,25,Sat Nov 23 01:00:00 CET 1996,Premier League,2018/2019,Midfielder,0,England,7,3,4,1,1
James McArthur,34,Wed Oct 07 01:00:00 CET 1987,Premier League,2018/2019,Midfielder,0,Scotland,3,1,2,0,0
James McCarthy,31,Mon Nov 12 01:00:00 CET 1990,Premier League,2018/2019,Midfielder,0,Republic of Ireland,0,0,0,0,0
James Milner,36,Sat Jan 04 01:00:00 CET 1986,Premier League,2018/2019,Midfielder,0,England,5,0,5,3,0
James Tarkowski,29,Thu Nov 19 01:00:00 CET 1992,Premier League,2018/2019,Defender,0,England,3,2,1,0,0
James Tomkins,32,Wed Mar 29 02:00:00 CEST 1989,Premier League,2018/2019,Defender,0,England,1,0,1,0,0
James Ward-Prowse,27,Tue Nov 01 01:00:00 CET 1994,Premier League,2018/2019,Midfielder,0,England,7,5,2,1,0
Jamie Sterry,26,Tue Nov 21 01:00:00 CET 1995,Premier League,2018/2019,Defender,0,England,0,0,0,0,0
Jamie Vardy,34,Sun Jan 11 01:00:00 CET 1987,Premier League,2018/2019,Forward,0,England,18,8,10,4,1
Jan Bednarek,25,Fri Apr 12 02:00:00 CEST 1996,Premier League,2018/2019,Defender,0,Poland,0,0,0,0,0
Jan Vertonghen,34,Fri Apr 24 02:00:00 CEST 1987,Premier League,2018/2019,Defender,0,Belgium,1,0,1,0,0
Jannik Vestergaard,29,Mon Aug 03 02:00:00 CEST 1992,Premier League,2018/2019,Defender,0,Denmark,0,0,0,0,0
Jason Puncheon,35,Thu Jun 26 02:00:00 CEST 1986,Premier League,2018/2019,Midfielder,0,England,0,0,0,0,0
Jason Steele,31,Sat Aug 18 02:00:00 CEST 1990,Premier League,2018/2019,Goalkeeper,0,England,0,0,0,0,0
Javier Hernandez,33,Wed Jun 01 02:00:00 CEST 1988,Premier League,2018/2019,Forward,0,Mexico,7,5,2,0,0
Javier Manquillo Gaitán,27,Thu May 05 02:00:00 CEST 1994,Premier League,2018/2019,Defender,0,Spain,0,0,0,0,0
Jayson Molumby,22,Fri Aug 06 02:00:00 CEST 1999,Premier League,2018/2019,Midfielder,0,Republic of Ireland,0,0,0,0,0
Jazz Richards,30,Fri Apr 12 02:00:00 CEST 1991,Premier League,2018/2019,Defender,0,Wales,0,0,0,0,0
Jean Michaël Seri,30,Fri Jul 19 02:00:00 CEST 1991,Premier League,2018/2019,Midfielder,0,Côte d'Ivoire,1,1,0,0,0
Jeff Hendrick,29,Fri Jan 31 01:00:00 CET 1992,Premier League,2018/2019,Midfielder,0,Republic of Ireland,3,1,2,0,0
Jefferson Lerma,27,Tue Oct 25 01:00:00 CET 1994,Premier League,2018/2019,Midfielder,0,Colombia,2,0,2,0,0
Jeffrey Schlupp,29,Wed Dec 23 01:00:00 CET 1992,Premier League,2018/2019,Defender,0,Ghana,4,1,3,0,0
Jermain Defoe,39,Thu Oct 07 01:00:00 CET 1982,Premier League,2018/2019,Forward,0,England,0,0,0,0,0
Jesse Lingard,29,Tue Dec 15 01:00:00 CET 1992,Premier League,2018/2019,Midfielder,0,England,4,1,3,1,0
João Moutinho,35,Mon Sep 08 02:00:00 CEST 1986,Premier League,2018/2019,Midfielder,0,Portugal,1,0,1,0,0
Joe Bennett,31,Wed Mar 28 02:00:00 CEST 1990,Premier League,2018/2019,Defender,0,England,0,0,0,0,0
Joe Bryan,28,Fri Sep 17 02:00:00 CEST 1993,Premier League,2018/2019,Defender,0,England,0,0,0,0,0
Joe Daniel Tupper,24,Sat Nov 15 01:00:00 CET 1997,Premier League,2018/2019,Goalkeeper,0,England,0,0,0,0,0
Joe Gomez,24,Fri May 23 02:00:00 CEST 1997,Premier League,2018/2019,Defender,0,England,0,0,0,0,0
Joe Hart,34,Sun Apr 19 02:00:00 CEST 1987,Premier League,2018/2019,Goalkeeper,0,England,0,0,0,0,0
Joe Powell,23,Fri Oct 30 01:00:00 CET 1998,Premier League,2018/2019,Forward,0,England,0,0,0,0,0
Joe Ralls,28,Wed Oct 13 01:00:00 CET 1993,Premier League,2018/2019,Midfielder,0,England,0,0,0,0,1
Joel Coleman,26,Tue Sep 26 01:00:00 CET 1995,Premier League,2018/2019,Goalkeeper,0,England,0,0,0,0,0
Joel Matip,30,Thu Aug 08 02:00:00 CEST 1991,Premier League,2018/2019,Defender,0,Cameroon,1,1,0,0,0
Joel Ward,32,Sun Oct 29 01:00:00 CET 1989,Premier League,2018/2019,Defender,0,England,1,1,0,0,0
Johann Berg Guðmunds­son,31,Sat Oct 27 01:00:00 CET 1990,Premier League,2018/2019,Midfielder,0,Iceland,3,0,3,0,0
John Ruddy,35,Fri Oct 24 01:00:00 CET 1986,Premier League,2018/2019,Goalkeeper,0,England,0,0,0,0,0
John Stones,27,Sat May 28 02:00:00 CEST 1994,Premier League,2018/2019,Defender,0,England,0,0,0,0,0
Jon Gorenc Stankovič,26,Sun Jan 14 01:00:00 CET 1996,Premier League,2018/2019,Defender,0,Slovenia,1,0,1,0,0
Jonas Lössl,32,Wed Feb 01 01:00:00 CET 1989,Premier League,2018/2019,Goalkeeper,0,Denmark,0,0,0,0,0
Jonathan Hogg,33,Tue Dec 06 01:00:00 CET 1988,Premier League,2018/2019,Midfielder,0,England,0,0,0,0,0
Jonathan Walters,38,Tue Sep 20 02:00:00 CEST 1983,Premier League,2018/2019,Forward,0,Republic of Ireland,0,0,0,0,0
Jonjo Shelvey,29,Thu Feb 27 01:00:00 CET 1992,Premier League,2018/2019,Midfielder,0,England,1,0,1,0,0
Jonjoe Kenny,24,Sat Mar 15 01:00:00 CET 1997,Premier League,2018/2019,Defender,0,England,0,0,0,0,0
Jonny,27,Thu Mar 03 01:00:00 CET 1994,Premier League,2018/2019,Defender,0,Spain,1,1,0,0,0
Jonny Evans,34,Sun Jan 03 01:00:00 CET 1988,Premier League,2018/2019,Defender,0,Northern Ireland,1,1,0,0,0
Jordan Ayew,30,Wed Sep 11 02:00:00 CEST 1991,Premier League,2018/2019,Forward,0,Ghana,1,0,1,0,0
Jordan Henderson,31,Sun Jun 17 02:00:00 CEST 1990,Premier League,2018/2019,Midfielder,0,England,1,0,1,0,0
Jordan Pickford,27,Mon Mar 07 01:00:00 CET 1994,Premier League,2018/2019,Goalkeeper,0,England,0,0,0,0,0
Jordon Ibe,26,Fri Dec 08 01:00:00 CET 1995,Premier League,2018/2019,Midfielder,0,England,1,0,1,0,0
Jorginho,30,Fri Dec 20 01:00:00 CET 1991,Premier League,2018/2019,Midfielder,0,Italy,2,0,2,1,0
José Diogo Dalot Teixeira,22,Thu Mar 18 01:00:00 CET 1999,Premier League,2018/2019,Defender,0,Portugal,0,0,0,0,0
José Holebas,37,Wed Jun 27 02:00:00 CEST 1984,Premier League,2018/2019,Defender,0,Greece,3,2,1,0,0
Jose Izquierdo,29,Tue Jul 07 02:00:00 CEST 1992,Premier League,2018/2019,Forward,0,Colombia,0,0,0,0,0
José Luis Sanmartín Mato,31,Tue Mar 27 02:00:00 CEST 1990,Premier League,2018/2019,Forward,0,Spain,2,2,0,0,0
Joseph Willock,22,Fri Aug 20 02:00:00 CEST 1999,Premier League,2018/2019,Midfielder,0,England,0,0,0,0,0
Josh Benson,22,Sun Dec 05 01:00:00 CET 1999,Premier League,2018/2019,Midfielder,0,England,0,0,0,0,0
Josh Knight,24,Sun Sep 07 02:00:00 CEST 1997,Premier League,2018/2019,Defender,0,England,0,0,0,0,0
Josh Murphy,26,Fri Feb 24 01:00:00 CET 1995,Premier League,2018/2019,Forward,0,England,3,2,1,0,0
Joshua King,29,Wed Jan 15 01:00:00 CET 1992,Premier League,2018/2019,Forward,0,Norway,12,9,3,5,1
Joshua Sims,24,Fri Mar 28 01:00:00 CET 1997,Premier League,2018/2019,Midfielder,0,England,0,0,0,0,0
Juan Marcos Foyth,24,Mon Jan 12 01:00:00 CET 1998,Premier League,2018/2019,Defender,0,Argentina,1,0,1,0,0
Juan Mata,33,Thu Apr 28 02:00:00 CEST 1988,Premier League,2018/2019,Midfielder,0,Spain,3,3,0,0,0
Julián Speroni,42,Fri May 18 02:00:00 CEST 1979,Premier League,2018/2019,Goalkeeper,0,Argentina,0,0,0,0,0
Juninho Bacuna,24,Thu Aug 07 02:00:00 CEST 1997,Premier League,2018/2019,Midfielder,0,Netherlands,1,0,1,0,0
Junior Stanislas,32,Sun Nov 26 01:00:00 CET 1989,Premier League,2018/2019,Midfielder,0,England,2,1,1,1,0
Jürgen Locadia,28,Sun Nov 07 01:00:00 CET 1993,Premier League,2018/2019,Forward,0,Netherlands,2,2,0,0,0
Kadeem Harris,28,Tue Jun 08 02:00:00 CEST 1993,Premier League,2018/2019,Midfielder,0,England,1,1,0,0,0
Karl Darlow,31,Mon Oct 08 01:00:00 CET 1990,Premier League,2018/2019,Goalkeeper,0,England,0,0,0,0,0
Karlan Ahearne-Grant,24,Fri Dec 19 01:00:00 CET 1997,Premier League,2018/2019,Forward,0,England,4,2,2,0,0
Kasper Schmeichel,35,Wed Nov 05 01:00:00 CET 1986,Premier League,2018/2019,Goalkeeper,0,Denmark,0,0,0,0,0
Kayne Ramsey,21,Tue Oct 10 02:00:00 CEST 2000,Premier League,2018/2019,Midfielder,0,England,0,0,0,0,0
Kazaiah Sterling,23,Mon Nov 09 01:00:00 CET 1998,Premier League,2018/2019,Forward,0,England,0,0,0,0,0
Kelechi Iheanacho,25,Thu Oct 03 02:00:00 CEST 1996,Premier League,2018/2019,Forward,0,Nigeria,1,1,0,0,0
Kelland Watts,22,Wed Nov 03 01:00:00 CET 1999,Premier League,2018/2019,Midfielder,0,England,0,0,0,0,0
Ken Sema,28,Thu Sep 30 01:00:00 CET 1993,Premier League,2018/2019,Midfielder,0,Sweden,1,0,1,0,0
Kenneth Dahrup Zohorè,27,Mon Jan 31 01:00:00 CET 1994,Premier League,2018/2019,Forward,0,Denmark,1,0,1,0,0
Kepa Arrizabalaga,27,Mon Oct 03 01:00:00 CET 1994,Premier League,2018/2019,Goalkeeper,0,Spain,0,0,0,0,0
Kevin De Bruyne,30,Fri Jun 28 02:00:00 CEST 1991,Premier League,2018/2019,Midfielder,0,Belgium,2,2,0,0,0
Kevin Long,31,Sat Aug 18 02:00:00 CEST 1990,Premier League,2018/2019,Defender,0,Republic of Ireland,0,0,0,0,0
Kevin McDonald,33,Fri Nov 04 01:00:00 CET 1988,Premier League,2018/2019,Midfielder,0,Scotland,0,0,0,0,0
Kieran Dowell,24,Fri Oct 10 02:00:00 CEST 1997,Premier League,2018/2019,Midfielder,0,England,0,0,0,0,0
Kieran Trippier,31,Wed Sep 19 02:00:00 CEST 1990,Premier League,2018/2019,Defender,0,England,1,1,0,0,0
Konstantinos Mavropanos,24,Thu Dec 11 01:00:00 CET 1997,Premier League,2018/2019,Defender,0,Greece,0,0,0,0,0
Kortney Hause,26,Sun Jul 16 02:00:00 CEST 1995,Premier League,2018/2019,Defender,0,England,0,0,0,0,0
Kurt Zouma,27,Thu Oct 27 01:00:00 CET 1994,Premier League,2018/2019,Defender,0,France,2,1,1,0,0
Kyle Taylor,22,Sat Aug 28 02:00:00 CEST 1999,Premier League,2018/2019,Midfielder,0,England,0,0,0,0,0
Kyle Walker,31,Mon May 28 02:00:00 CEST 1990,Premier League,2018/2019,Defender,0,England,1,1,0,0,0
Kyle Walker-Peters,24,Sun Apr 13 02:00:00 CEST 1997,Premier League,2018/2019,Defender,0,England,0,0,0,0,0
Laurent Depoitre,33,Wed Dec 07 01:00:00 CET 1988,Premier League,2018/2019,Forward,0,Belgium,0,0,0,0,0
Laurent Koscielny,36,Tue Sep 10 02:00:00 CEST 1985,Premier League,2018/2019,Defender,0,France,3,2,1,0,0
Lazar Marković,27,Wed Mar 02 01:00:00 CET 1994,Premier League,2018/2019,Midfielder,0,Serbia,0,0,0,0,0
Leander Dendoncker,26,Sat Apr 15 02:00:00 CEST 1995,Premier League,2018/2019,Midfielder,0,Belgium,2,1,1,0,0
Leandro Bacuna,30,Wed Aug 21 02:00:00 CEST 1991,Premier League,2018/2019,Midfielder,0,Curaçao,0,0,0,0,0
Lee Grant,38,Thu Jan 27 01:00:00 CET 1983,Premier League,2018/2019,Goalkeeper,0,England,0,0,0,0,0
Lee Peltier,35,Thu Dec 11 01:00:00 CET 1986,Premier League,2018/2019,Defender,0,England,0,0,0,0,0
Leighton Baines,37,Tue Dec 11 01:00:00 CET 1984,Premier League,2018/2019,Defender,0,England,0,0,0,0,0
Leon Balogun,33,Tue Jun 28 02:00:00 CEST 1988,Premier League,2018/2019,Defender,0,Nigeria,1,1,0,0,0
Leonardo Bonatini Lohner Maia,27,Mon Mar 28 02:00:00 CEST 1994,Premier League,2018/2019,Forward,0,Brazil,0,0,0,0,0
Leroy Sané,26,Thu Jan 11 01:00:00 CET 1996,Premier League,2018/2019,Midfielder,0,Germany,10,5,5,0,0
Lewis Cass,21,Sun Feb 27 01:00:00 CET 2000,Premier League,2018/2019,Defender,0,England,0,0,0,0,0
Lewis Cook,24,Mon Feb 03 01:00:00 CET 1997,Premier League,2018/2019,Midfielder,0,England,0,0,0,0,0
Lewis Dunk,30,Thu Nov 21 01:00:00 CET 1991,Premier League,2018/2019,Defender,0,England,2,0,2,0,0
Loïc Damour,31,Tue Jan 08 01:00:00 CET 1991,Premier League,2018/2019,Midfielder,0,France,0,0,0,0,0
Loris Karius,28,Tue Jun 22 02:00:00 CEST 1993,Premier League,2018/2019,Goalkeeper,0,Germany,0,0,0,0,0
Luca de la Torre,23,Sat May 23 02:00:00 CEST 1998,Premier League,2018/2019,Midfielder,0,USA,0,0,0,0,0
Lucas Digne,28,Tue Jul 20 02:00:00 CEST 1993,Premier League,2018/2019,Defender,0,France,4,2,2,0,0
Lucas Perez,33,Sat Sep 10 02:00:00 CEST 1988,Premier League,2018/2019,Forward,0,Spain,3,3,0,0,0
Lucas Rodrigues Moura da Silva,29,Thu Aug 13 02:00:00 CEST 1992,Premier League,2018/2019,Midfielder,0,Brazil,10,6,4,0,0
Lucas Torreira,25,Sun Feb 11 01:00:00 CET 1996,Premier League,2018/2019,Midfielder,0,Uruguay,2,2,0,0,0
Luciano Vietto,28,Sun Dec 05 01:00:00 CET 1993,Premier League,2018/2019,Forward,0,Argentina,1,1,0,0,0
Luka Milivojević,30,Sun Apr 07 02:00:00 CEST 1991,Premier League,2018/2019,Midfielder,0,Serbia,12,7,5,10,1
Luke Amos,24,Sun Feb 23 01:00:00 CET 1997,Premier League,2018/2019,Midfielder,0,England,0,0,0,0,0
Luke Dreher,23,Fri Nov 27 01:00:00 CET 1998,Premier League,2018/2019,Midfielder,0,England,0,0,0,0,0
Luke Shaw,26,Wed Jul 12 02:00:00 CEST 1995,Premier League,2018/2019,Defender,0,England,1,1,0,0,0
Lys Mousset,25,Thu Feb 08 01:00:00 CET 1996,Premier League,2018/2019,Forward,0,France,1,0,1,0,0
Maarten Stekelenburg,39,Wed Sep 22 02:00:00 CEST 1982,Premier League,2018/2019,Goalkeeper,0,Netherlands,0,0,0,0,0
Mamadou Sakho,31,Tue Feb 13 01:00:00 CET 1990,Premier League,2018/2019,Defender,0,France,0,0,0,0,0
Manolo Gabbiadini,30,Tue Nov 26 01:00:00 CET 1991,Premier League,2018/2019,Forward,0,Italy,1,1,0,0,0
Manuel Lanzini,28,Mon Feb 15 01:00:00 CET 1993,Premier League,2018/2019,Midfielder,0,Argentina,1,0,1,0,0
Marc Albrighton,32,Sat Nov 18 01:00:00 CET 1989,Premier League,2018/2019,Midfielder,0,England,2,1,1,0,0
Marc Guehi,21,Thu Jul 13 02:00:00 CEST 2000,Premier League,2018/2019,Defender,0,England,0,0,0,0,0
Marc Navarro Ceciliano,26,Sun Jul 02 02:00:00 CEST 1995,Premier League,2018/2019,Defender,0,Spain,0,0,0,0,0
Marc Pugh,34,Thu Apr 02 02:00:00 CEST 1987,Premier League,2018/2019,Midfielder,0,England,0,0,0,0,0
Marcos Alonso,31,Fri Dec 28 01:00:00 CET 1990,Premier League,2018/2019,Defender,0,Spain,2,1,1,0,0
Marcus Bettinelli,29,Sun May 24 02:00:00 CEST 1992,Premier League,2018/2019,Goalkeeper,0,England,0,0,0,0,0
Marcus Rashford,24,Fri Oct 31 01:00:00 CET 1997,Premier League,2018/2019,Forward,0,England,10,4,6,0,0
Mario Lemina,28,Wed Sep 01 02:00:00 CEST 1993,Premier League,2018/2019,Midfielder,0,Gabon,1,0,1,0,0
Mark Noble,34,Fri May 08 02:00:00 CEST 1987,Premier League,2018/2019,Midfielder,0,England,5,2,3,4,0
Mark Travers,22,Tue May 18 02:00:00 CEST 1999,Premier League,2018/2019,Goalkeeper,0,Republic of Ireland,0,0,0,0,0
Marko Arnautović,32,Wed Apr 19 02:00:00 CEST 1989,Premier League,2018/2019,Forward,0,Austria,10,7,3,1,0
Markus Suttner,34,Thu Apr 16 02:00:00 CEST 1987,Premier League,2018/2019,Defender,0,Austria,0,0,0,0,0
Marouane Fellaini,34,Sun Nov 22 01:00:00 CET 1987,Premier League,2018/2019,Midfielder,0,Belgium,0,0,0,0,0
Martin Dúbravka,32,Sun Jan 15 01:00:00 CET 1989,Premier League,2018/2019,Goalkeeper,0,Slovakia,0,0,0,0,0
Martin Kelly,31,Fri Apr 27 02:00:00 CEST 1990,Premier League,2018/2019,Defender,0,England,0,0,0,0,0
Martín Montoya,30,Sun Apr 14 02:00:00 CEST 1991,Premier League,2018/2019,Defender,0,Spain,0,0,0,0,0
Mason Greenwood,20,Mon Oct 01 02:00:00 CEST 2001,Premier League,2018/2019,Midfielder,0,England,0,0,0,0,0
Mason Holgate,25,Tue Oct 22 02:00:00 CEST 1996,Premier League,2018/2019,Defender,0,England,0,0,0,0,0
Matěj Vydra,29,Fri May 01 02:00:00 CEST 1992,Premier League,2018/2019,Forward,0,Czech Republic,1,1,0,0,0
Mateo Kovačić,27,Fri May 06 02:00:00 CEST 1994,Premier League,2018/2019,Midfielder,0,Croatia,0,0,0,0,0
Mathew Ryan,29,Wed Apr 08 02:00:00 CEST 1992,Premier League,2018/2019,Goalkeeper,0,Australia,0,0,0,0,0
Mathias Jattah-Njie Jørgensen,31,Mon Apr 23 02:00:00 CEST 1990,Premier League,2018/2019,Defender,0,Denmark,3,1,2,0,0
Matt Butcher,24,Wed May 14 02:00:00 CEST 1997,Premier League,2018/2019,Midfielder,0,England,0,0,0,0,0
Matt Doherty,29,Thu Jan 16 01:00:00 CET 1992,Premier League,2018/2019,Defender,0,Republic of Ireland,4,1,3,0,0
Matt Ritchie,32,Sun Sep 10 02:00:00 CEST 1989,Premier League,2018/2019,Midfielder,0,Scotland,2,1,1,1,1
Matt Targett,26,Mon Sep 18 02:00:00 CEST 1995,Premier League,2018/2019,Defender,0,England,1,1,0,0,0
Matteo Darmian,32,Sat Dec 02 01:00:00 CET 1989,Premier League,2018/2019,Defender,0,Italy,0,0,0,0,0
Mattéo Guendouzi Olié,22,Wed Apr 14 02:00:00 CEST 1999,Premier League,2018/2019,Midfielder,0,France,0,0,0,0,0
Matthew Connolly,34,Thu Sep 24 02:00:00 CEST 1987,Premier League,2018/2019,Defender,0,England,0,0,0,0,0
Matthew Lowton,32,Fri Jun 09 02:00:00 CEST 1989,Premier League,2018/2019,Defender,0,England,0,0,0,0,0
Matty Daly,20,Sat Mar 10 01:00:00 CET 2001,Premier League,2018/2019,Midfielder,0,England,0,0,0,0,0
Max Harrison Sanders,23,Mon Jan 04 01:00:00 CET 1999,Premier League,2018/2019,Midfielder,0,England,0,0,0,0,0
Max Kilman,24,Fri May 23 02:00:00 CEST 1997,Premier League,2018/2019,Defender,0,England,0,0,0,0,0
Max Meyer,26,Mon Sep 18 02:00:00 CEST 1995,Premier League,2018/2019,Midfielder,0,Germany,1,0,1,0,0
Maxime Le Marchand,32,Wed Oct 11 01:00:00 CET 1989,Premier League,2018/2019,Defender,0,France,0,0,0,0,0
Maya Yoshida,33,Wed Aug 24 02:00:00 CEST 1988,Premier League,2018/2019,Defender,0,Japan,0,0,0,0,0
Mesut Özil,33,Sat Oct 15 01:00:00 CET 1988,Premier League,2018/2019,Midfielder,0,Germany,5,4,1,0,0
Michael Keane,29,Mon Jan 11 01:00:00 CET 1993,Premier League,2018/2019,Defender,0,England,1,0,1,0,0
Michael Obafemi,21,Thu Jul 06 02:00:00 CEST 2000,Premier League,2018/2019,Forward,0,Republic of Ireland,1,0,1,0,0
Michail Antonio,31,Wed Mar 28 02:00:00 CEST 1990,Premier League,2018/2019,Midfielder,0,England,6,4,2,0,0
Michel Vorm,38,Thu Oct 20 01:00:00 CET 1983,Premier League,2018/2019,Goalkeeper,0,Netherlands,0,0,0,0,0
Michy Batshuayi,28,Sat Oct 02 01:00:00 CET 1993,Premier League,2018/2019,Forward,0,Belgium,5,2,3,0,0
Miguel Ángel Almirón Rejala,27,Thu Feb 10 01:00:00 CET 1994,Premier League,2018/2019,Midfielder,0,Paraguay,0,0,0,0,0
Miguel Ángel Britos Cabrera,36,Wed Jul 17 02:00:00 CEST 1985,Premier League,2018/2019,Defender,0,Uruguay,0,0,0,0,0
Mohamed Diamé,34,Sun Jun 14 02:00:00 CEST 1987,Premier League,2018/2019,Midfielder,0,Senegal,0,0,0,0,0
Mohamed Elneny,29,Sat Jul 11 02:00:00 CEST 1992,Premier League,2018/2019,Midfielder,0,Egypt,0,0,0,0,0
Mohamed Elyounoussi,27,Thu Aug 04 02:00:00 CEST 1994,Premier League,2018/2019,Midfielder,0,Norway,0,0,0,0,0
Mohamed Salah,29,Mon Jun 15 02:00:00 CEST 1992,Premier League,2018/2019,Forward,0,Egypt,22,13,9,3,0
Morgan Gibbs-White,21,Thu Jan 27 01:00:00 CET 2000,Premier League,2018/2019,Midfielder,0,England,0,0,0,0,0
Morgan Schneiderlin,32,Wed Nov 08 01:00:00 CET 1989,Premier League,2018/2019,Midfielder,0,France,0,0,0,0,0
Moussa Dembele,34,Thu Jul 16 02:00:00 CEST 1987,Premier League,2018/2019,Midfielder,0,Belgium,0,0,0,0,0
Moussa Sissoko,32,Wed Aug 16 02:00:00 CEST 1989,Premier League,2018/2019,Midfielder,0,France,0,0,0,0,0
N'Golo Kanté,30,Fri Mar 29 01:00:00 CET 1991,Premier League,2018/2019,Midfielder,0,France,4,2,2,0,0
Naby Deco Keïta,26,Fri Feb 10 01:00:00 CET 1995,Premier League,2018/2019,Midfielder,0,Guinea,2,1,1,0,0
Nacho Monreal,35,Wed Feb 26 01:00:00 CET 1986,Premier League,2018/2019,Defender,0,Spain,1,1,0,0,0
Nampalys Mendy,29,Tue Jun 23 02:00:00 CEST 1992,Premier League,2018/2019,Midfielder,0,France,0,0,0,0,0
Nathan Aké,26,Sat Feb 18 01:00:00 CET 1995,Premier League,2018/2019,Defender,0,Netherlands,4,3,1,0,0
Nathan Holland,23,Fri Jun 19 02:00:00 CEST 1998,Premier League,2018/2019,Midfielder,0,England,0,0,0,0,0
Nathan Redmond,27,Sun Mar 06 01:00:00 CET 1994,Premier League,2018/2019,Midfielder,0,England,6,4,2,0,0
Nathaniel Chalobah,27,Mon Dec 12 01:00:00 CET 1994,Premier League,2018/2019,Midfielder,0,England,0,0,0,0,0
Nathaniel Clyne,30,Fri Apr 05 02:00:00 CEST 1991,Premier League,2018/2019,Defender,0,England,0,0,0,0,0
Nathaniel Mendez-Laing,29,Wed Apr 15 02:00:00 CEST 1992,Premier League,2018/2019,Midfielder,0,England,4,0,4,1,0
Neeskens Kebano,29,Tue Mar 10 01:00:00 CET 1992,Premier League,2018/2019,Midfielder,0,Congo DR,0,0,0,0,0
Neil Leonard Dula Etheridge,31,Wed Feb 07 01:00:00 CET 1990,Premier League,2018/2019,Goalkeeper,0,Philippines,0,0,0,0,0
Nemanja Matić,33,Mon Aug 01 02:00:00 CEST 1988,Premier League,2018/2019,Midfielder,0,Serbia,1,1,0,0,0
Nicolas Otamendi,33,Fri Feb 12 01:00:00 CET 1988,Premier League,2018/2019,Defender,0,Argentina,0,0,0,0,0
Nikola Tavares,23,Sun Jan 17 01:00:00 CET 1999,Premier League,2018/2019,Defender,0,England,0,0,0,0,0
Nnamdi Ofoborh,22,Sun Nov 07 01:00:00 CET 1999,Premier League,2018/2019,Midfielder,0,England,0,0,0,0,0
Oleksandr Zinchenko,25,Sun Dec 15 01:00:00 CET 1996,Premier League,2018/2019,Midfielder,0,Ukraine,0,0,0,0,0
Oliver Skipp,21,Sat Sep 16 02:00:00 CEST 2000,Premier League,2018/2019,Midfielder,0,England,0,0,0,0,0
Olivier Giroud,35,Tue Sep 30 01:00:00 CET 1986,Premier League,2018/2019,Forward,0,France,2,1,1,0,0
Onyinye Wilfred Ndidi,25,Mon Dec 16 01:00:00 CET 1996,Premier League,2018/2019,Midfielder,0,Nigeria,2,2,0,0,0
Oriol Romeu,30,Tue Sep 24 02:00:00 CEST 1991,Premier League,2018/2019,Midfielder,0,Spain,1,1,0,0,0
Oumar Niasse,31,Wed Apr 18 02:00:00 CEST 1990,Premier League,2018/2019,Forward,0,Senegal,0,0,0,0,0
Pablo Zabaleta,36,Wed Jan 16 01:00:00 CET 1985,Premier League,2018/2019,Defender,0,Argentina,0,0,0,0,0
Pape N'Diaye Souaré,31,Wed Jun 06 02:00:00 CEST 1990,Premier League,2018/2019,Defender,0,Senegal,0,0,0,0,0
Pascal Groß,30,Sat Jun 15 02:00:00 CEST 1991,Premier League,2018/2019,Midfielder,0,Germany,3,2,1,1,1
Patrick van Aanholt,31,Wed Aug 29 02:00:00 CEST 1990,Premier League,2018/2019,Defender,0,Netherlands,3,2,1,0,0
Paul Dummett,30,Thu Sep 26 02:00:00 CEST 1991,Premier League,2018/2019,Defender,0,Wales,0,0,0,0,0
Paul Pogba,28,Mon Mar 15 01:00:00 CET 1993,Premier League,2018/2019,Midfielder,0,France,13,10,3,7,3
Paulo Dino Gazzaniga,30,Thu Jan 02 01:00:00 CET 1992,Premier League,2018/2019,Goalkeeper,0,Argentina,0,0,0,0,0
Pedro Obiang,29,Fri Mar 27 01:00:00 CET 1992,Premier League,2018/2019,Midfielder,0,Equatorial Guinea,0,0,0,0,0
Pedro Rodriguez,34,Tue Jul 28 02:00:00 CEST 1987,Premier League,2018/2019,Midfielder,0,Spain,8,6,2,0,0
Peter Crouch,40,Fri Jan 30 01:00:00 CET 1981,Premier League,2018/2019,Forward,0,England,0,0,0,0,0
Petr Čech,39,Thu May 20 02:00:00 CEST 1982,Premier League,2018/2019,Goalkeeper,0,Czech Republic,0,0,0,0,0
Phil Bardsley,36,Fri Jun 28 02:00:00 CEST 1985,Premier League,2018/2019,Defender,0,Scotland,0,0,0,0,0
Phil Jagielka,39,Tue Aug 17 02:00:00 CEST 1982,Premier League,2018/2019,Defender,0,England,1,1,0,0,0
Phil Jones,29,Fri Feb 21 01:00:00 CET 1992,Premier League,2018/2019,Defender,0,England,0,0,0,0,0
Philip Billing,25,Tue Jun 11 02:00:00 CEST 1996,Premier League,2018/2019,Midfielder,0,Denmark,2,1,1,0,0
Philip Foden,21,Sun May 28 02:00:00 CEST 2000,Premier League,2018/2019,Midfielder,0,England,1,1,0,0,0
Philippe Sandler,24,Mon Feb 10 01:00:00 CET 1997,Premier League,2018/2019,Defender,0,Netherlands,0,0,0,0,0
Pierre-Emerick Aubameyang,32,Sun Jun 18 02:00:00 CEST 1989,Premier League,2018/2019,Forward,0,Gabon,22,13,9,4,1
Pierre-Emile Højbjerg,26,Sat Aug 05 02:00:00 CEST 1995,Premier League,2018/2019,Midfielder,0,Denmark,4,2,2,0,0
Rachid Ghezzal,29,Sat May 09 02:00:00 CEST 1992,Premier League,2018/2019,Forward,0,Algeria,1,1,0,0,0
Rafael Euclides Soares Camacho,21,Mon May 22 02:00:00 CEST 2000,Premier League,2018/2019,Midfielder,0,Portugal,0,0,0,0,0
Raheem Sterling,27,Thu Dec 08 01:00:00 CET 1994,Premier League,2018/2019,Forward,0,England,17,12,5,0,0
Rajiv van La Parra,30,Tue Jun 04 02:00:00 CEST 1991,Premier League,2018/2019,Midfielder,0,Netherlands,0,0,0,0,0
Ramadan Sobhi,24,Thu Jan 23 01:00:00 CET 1997,Premier League,2018/2019,Forward,0,Egypt,0,0,0,0,0
Raúl Alonso Jiménez Rodríguez,30,Sun May 05 02:00:00 CEST 1991,Premier League,2018/2019,Forward,0,Mexico,13,8,5,2,0
Rhys Healey,27,Tue Dec 06 01:00:00 CET 1994,Premier League,2018/2019,Forward,0,England,0,0,0,0,0
Ricardo Domingos Barbosa Pereira,28,Wed Oct 06 01:00:00 CET 1993,Premier League,2018/2019,Defender,0,Portugal,2,2,0,0,0
Richarlison de Andrade,24,Sat May 10 02:00:00 CEST 1997,Premier League,2018/2019,Forward,0,Brazil,13,7,6,0,0
Riyad Mahrez,30,Thu Feb 21 01:00:00 CET 1991,Premier League,2018/2019,Midfielder,0,Algeria,7,1,6,0,1
Rob Holding,26,Wed Sep 20 02:00:00 CEST 1995,Premier League,2018/2019,Defender,0,England,0,0,0,0,0
Robbie Brady,29,Tue Jan 14 01:00:00 CET 1992,Premier League,2018/2019,Midfielder,0,Republic of Ireland,0,0,0,0,0
Robert Kenedy Nunes do Nascimento,25,Thu Feb 08 01:00:00 CET 1996,Premier League,2018/2019,Midfielder,0,Brazil,1,0,1,0,1
Robert Snodgrass,34,Mon Sep 07 02:00:00 CEST 1987,Premier League,2018/2019,Midfielder,0,Scotland,2,1,1,0,0
Roberto Firmino,30,Wed Oct 02 01:00:00 CET 1991,Premier League,2018/2019,Forward,0,Brazil,12,7,5,1,0
Roberto Maximiliano Pereyra,31,Mon Jan 07 01:00:00 CET 1991,Premier League,2018/2019,Forward,0,Argentina,6,5,1,0,0
Romain Saïss,31,Mon Mar 26 02:00:00 CEST 1990,Premier League,2018/2019,Midfielder,0,Morocco,2,1,1,0,0
Romelu Lukaku,28,Thu May 13 02:00:00 CEST 1993,Premier League,2018/2019,Forward,0,Belgium,12,4,8,0,0
Rondon,32,Sat Sep 16 02:00:00 CEST 1989,Premier League,2018/2019,Forward,0,Venezuela,11,6,5,0,0
Ross Barkley,28,Sun Dec 05 01:00:00 CET 1993,Premier League,2018/2019,Midfielder,0,England,3,1,2,0,0
Rúben Diogo Da Silva Neves,24,Thu Mar 13 01:00:00 CET 1997,Premier League,2018/2019,Midfielder,0,Portugal,4,3,1,2,0
Rúben Gonçalo Silva Nascimento Vinagre,22,Fri Apr 09 02:00:00 CEST 1999,Premier League,2018/2019,Defender,0,Portugal,0,0,0,0,0
Ruben Loftus-Cheek,25,Tue Jan 23 01:00:00 CET 1996,Premier League,2018/2019,Midfielder,0,England,6,3,3,0,0
Rui Pedro dos Santos Patrício,33,Mon Feb 15 01:00:00 CET 1988,Premier League,2018/2019,Goalkeeper,0,Portugal,0,0,0,0,0
Ryan Bennett,31,Tue Mar 06 01:00:00 CET 1990,Premier League,2018/2019,Defender,0,England,1,1,0,0,0
Ryan Bertrand,32,Sat Aug 05 02:00:00 CEST 1989,Premier League,2018/2019,Defender,0,England,1,1,0,0,0
Ryan Fraser,27,Thu Feb 24 01:00:00 CET 1994,Premier League,2018/2019,Midfielder,0,Scotland,7,5,2,0,0
Ryan Fredericks,29,Sat Oct 10 01:00:00 CET 1992,Premier League,2018/2019,Midfielder,0,England,1,1,0,0,0
Ryan Giles,21,Wed Jan 26 01:00:00 CET 2000,Premier League,2018/2019,Midfielder,0,England,0,0,0,0,0
Ryan Guno Babel,35,Fri Dec 19 01:00:00 CET 1986,Premier League,2018/2019,Forward,0,Netherlands,5,3,2,0,0
Ryan Schofield,22,Sat Dec 11 01:00:00 CET 1999,Premier League,2018/2019,Goalkeeper,0,England,0,0,0,0,0
Ryan Sessegnon,21,Thu May 18 02:00:00 CEST 2000,Premier League,2018/2019,Defender,0,England,2,1,1,0,0
Sadio Mané,29,Fri Apr 10 02:00:00 CEST 1992,Premier League,2018/2019,Forward,0,Senegal,22,18,4,0,0
Sam Gallagher,26,Fri Sep 15 02:00:00 CEST 1995,Premier League,2018/2019,Forward,0,England,0,0,0,0,0
Sam Surridge,23,Tue Jul 28 02:00:00 CEST 1998,Premier League,2018/2019,Forward,0,England,0,0,0,0,0
Sam Vokes,32,Sat Oct 21 01:00:00 CET 1989,Premier League,2018/2019,Forward,0,Wales,3,2,1,0,0
Sam Woods,23,Fri Sep 11 02:00:00 CEST 1998,Premier League,2018/2019,Defender,0,England,0,0,0,0,0
Samir Nasri,34,Fri Jun 26 02:00:00 CEST 1987,Premier League,2018/2019,Midfielder,0,France,0,0,0,0,0
Sandro Ramirez,26,Sun Jul 09 02:00:00 CEST 1995,Premier League,2018/2019,Forward,0,Spain,0,0,0,0,0
Scott Dann,34,Sat Feb 14 01:00:00 CET 1987,Premier League,2018/2019,Defender,0,England,0,0,0,0,0
Scott McTominay,25,Sun Dec 08 01:00:00 CET 1996,Premier League,2018/2019,Midfielder,0,England,2,0,2,0,0
Sead Kolašinac,28,Sun Jun 20 02:00:00 CEST 1993,Premier League,2018/2019,Defender,0,Bosnia and Herzegovina,0,0,0,0,0
Séamus Coleman,33,Tue Oct 11 01:00:00 CET 1988,Premier League,2018/2019,Defender,0,Republic of Ireland,2,2,0,0,0
Sean Longstaff,24,Thu Oct 30 01:00:00 CET 1997,Premier League,2018/2019,Midfielder,0,England,1,1,0,0,0
Sean Morrison,31,Tue Jan 08 01:00:00 CET 1991,Premier League,2018/2019,Defender,0,England,1,0,1,0,0
Sebastian Prödl,34,Sun Jun 21 02:00:00 CEST 1987,Premier League,2018/2019,Defender,0,Austria,0,0,0,0,0
Serge Aurier,29,Thu Dec 24 01:00:00 CET 1992,Premier League,2018/2019,Defender,0,Côte d'Ivoire,0,0,0,0,0
Sergio Aguero,33,Thu Jun 02 02:00:00 CEST 1988,Premier League,2018/2019,Forward,0,Argentina,21,15,6,2,0
Sergio Germán Romero,34,Sun Feb 22 01:00:00 CET 1987,Premier League,2018/2019,Goalkeeper,0,Argentina,0,0,0,0,0
Sergio Rico,28,Wed Sep 01 02:00:00 CEST 1993,Premier League,2018/2019,Goalkeeper,0,Spain,0,0,0,0,0
Shane Duffy,30,Wed Jan 01 01:00:00 CET 1992,Premier League,2018/2019,Defender,0,Republic of Ireland,5,2,3,0,0
Shane Long,34,Thu Jan 22 01:00:00 CET 1987,Premier League,2018/2019,Forward,0,Republic of Ireland,5,3,2,0,0
Shinji Okazaki,35,Wed Apr 16 02:00:00 CEST 1986,Premier League,2018/2019,Forward,0,Japan,0,0,0,0,0
Shkodran Mustafi,29,Fri Apr 17 02:00:00 CEST 1992,Premier League,2018/2019,Defender,0,Germany,2,0,2,0,0
Simon Francis,36,Sat Feb 16 01:00:00 CET 1985,Premier League,2018/2019,Defender,0,England,0,0,0,0,0
Simon Mignolet,33,Sun Mar 06 01:00:00 CET 1988,Premier League,2018/2019,Goalkeeper,0,Belgium,0,0,0,0,0
Sokratis Papastathopoulos,33,Thu Jun 09 02:00:00 CEST 1988,Premier League,2018/2019,Defender,0,Greece,1,0,1,0,0
Solomon March,27,Wed Jul 20 02:00:00 CEST 1994,Premier League,2018/2019,Midfielder,0,England,1,1,0,0,0
Souleymane Bamba,36,Sun Jan 13 01:00:00 CET 1985,Premier League,2018/2019,Defender,0,Côte d'Ivoire,4,2,2,0,0
Stefan Marius Johansen,31,Tue Jan 08 01:00:00 CET 1991,Premier League,2018/2019,Midfielder,0,Norway,0,0,0,0,0
Stefano Okaka,32,Wed Aug 09 02:00:00 CEST 1989,Premier League,2018/2019,Forward,0,Italy,0,0,0,0,0
Stephan Lichtsteiner,37,Mon Jan 16 01:00:00 CET 1984,Premier League,2018/2019,Defender,0,Switzerland,0,0,0,0,0
Stephen Ward,36,Tue Aug 20 02:00:00 CEST 1985,Premier League,2018/2019,Defender,0,Republic of Ireland,0,0,0,0,0
Steve Cook,30,Fri Apr 19 02:00:00 CEST 1991,Premier League,2018/2019,Defender,0,England,1,0,1,0,0
Steve Mounié,27,Thu Sep 29 01:00:00 CET 1994,Premier League,2018/2019,Forward,0,Benin,2,2,0,0,0
Steven Davis,37,Tue Jan 01 01:00:00 CET 1985,Premier League,2018/2019,Midfielder,0,Northern Ireland,0,0,0,0,0
Steven Defour,33,Fri Apr 15 02:00:00 CEST 1988,Premier League,2018/2019,Midfielder,0,Belgium,0,0,0,0,0
Stuart Armstrong,29,Mon Mar 30 02:00:00 CEST 1992,Premier League,2018/2019,Midfielder,0,Scotland,3,1,2,0,0
Sullay Kaikai,26,Sat Aug 26 02:00:00 CEST 1995,Premier League,2018/2019,Midfielder,0,England,0,0,0,0,0
Sung-Yeung Ki,32,Tue Jan 24 01:00:00 CET 1989,Premier League,2018/2019,Midfielder,0,South Korea,0,0,0,0,0
Tahith Chong,22,Sat Dec 04 01:00:00 CET 1999,Premier League,2018/2019,Forward,0,Netherlands,0,0,0,0,0
Terence Kongolo,27,Mon Feb 14 01:00:00 CET 1994,Premier League,2018/2019,Defender,0,Netherlands,1,0,1,0,0
Theo Walcott,32,Thu Mar 16 01:00:00 CET 1989,Premier League,2018/2019,Forward,0,England,5,3,2,0,0
Tim Ream,34,Mon Oct 05 01:00:00 CET 1987,Premier League,2018/2019,Defender,0,USA,0,0,0,0,0
Timothy Eyoma,21,Sat Jan 29 01:00:00 CET 2000,Premier League,2018/2019,Defender,0,England,0,0,0,0,0
Timothy Fosu-Mensah,24,Fri Jan 02 01:00:00 CET 1998,Premier League,2018/2019,Defender,0,Netherlands,0,0,0,0,0
Toby Alderweireld,32,Thu Mar 02 01:00:00 CET 1989,Premier League,2018/2019,Defender,0,Belgium,0,0,0,0,0
Tom Cairney,30,Sun Jan 20 01:00:00 CET 1991,Premier League,2018/2019,Midfielder,0,Scotland,1,1,0,0,0
Tom Cleverley,32,Sat Aug 12 02:00:00 CEST 1989,Premier League,2018/2019,Midfielder,0,England,1,0,1,0,0
Tom Davies,23,Tue Jun 30 02:00:00 CEST 1998,Premier League,2018/2019,Midfielder,0,England,0,0,0,0,0
Tom Heaton,35,Tue Apr 15 02:00:00 CEST 1986,Premier League,2018/2019,Goalkeeper,0,England,0,0,0,0,0
Tom Smith,29,Tue Apr 14 02:00:00 CEST 1992,Premier League,2018/2019,Defender,0,England,0,0,0,0,0
Trent Alexander-Arnold,23,Wed Oct 07 02:00:00 CEST 1998,Premier League,2018/2019,Defender,0,England,1,0,1,0,0
Troy Deeney,33,Wed Jun 29 02:00:00 CEST 1988,Premier League,2018/2019,Forward,0,England,9,3,6,1,0
Tyias Browning,27,Fri May 27 02:00:00 CEST 1994,Premier League,2018/2019,Defender,0,England,0,0,0,0,0
Tyreke Johnson,23,Tue Nov 03 01:00:00 CET 1998,Premier League,2018/2019,Defender,0,England,0,0,0,0,0
Tyrone Mings,28,Sat Mar 13 01:00:00 CET 1993,Premier League,2018/2019,Defender,0,England,0,0,0,0,0
Vicente Guaita,34,Sat Jan 10 01:00:00 CET 1987,Premier League,2018/2019,Goalkeeper,0,Spain,0,0,0,0,0
Vicente Iborra De La Fuente,33,Sat Jan 16 01:00:00 CET 1988,Premier League,2018/2019,Midfielder,0,Spain,0,0,0,0,0
Víctor Camarasa,27,Sat May 28 02:00:00 CEST 1994,Premier League,2018/2019,Midfielder,0,Spain,5,4,1,1,0
Victor Moses,31,Wed Dec 12 01:00:00 CET 1990,Premier League,2018/2019,Midfielder,0,Nigeria,0,0,0,0,0
Victor Nilsson Lindelöf,27,Sun Jul 17 02:00:00 CEST 1994,Premier League,2018/2019,Defender,0,Sweden,1,1,0,0,0
Victor Wanyama,30,Tue Jun 25 02:00:00 CEST 1991,Premier League,2018/2019,Midfielder,0,Kenya,1,1,0,0,0
Viktor Gyökeres,23,Thu Jun 04 02:00:00 CEST 1998,Premier League,2018/2019,Forward,0,Sweden,0,0,0,0,0
Vincent Janssen,27,Wed Jun 15 02:00:00 CEST 1994,Premier League,2018/2019,Forward,0,Netherlands,0,0,0,0,0
Vincent Kompany,35,Thu Apr 10 02:00:00 CEST 1986,Premier League,2018/2019,Defender,0,Belgium,1,1,0,0,0
Virgil van Dijk,30,Mon Jul 08 02:00:00 CEST 1991,Premier League,2018/2019,Defender,0,Netherlands,4,2,2,0,0
Wayne Hennessey,34,Sat Jan 24 01:00:00 CET 1987,Premier League,2018/2019,Goalkeeper,0,Wales,0,0,0,0,0
Wes Morgan,37,Sat Jan 21 01:00:00 CET 1984,Premier League,2018/2019,Defender,0,Jamaica,3,1,2,0,0
Wesley Hoedt,27,Sun Mar 06 01:00:00 CET 1994,Premier League,2018/2019,Defender,0,Netherlands,0,0,0,0,0
Wilfredo Daniel Caballero,40,Mon Sep 28 01:00:00 CET 1981,Premier League,2018/2019,Goalkeeper,0,Argentina,0,0,0,0,0
Wilfried Zaha,29,Tue Nov 10 01:00:00 CET 1992,Premier League,2018/2019,Midfielder,0,Côte d'Ivoire,10,1,9,0,0
Will Hughes,26,Mon Apr 17 02:00:00 CEST 1995,Premier League,2018/2019,Midfielder,0,England,2,1,1,0,0
Will Norris,28,Thu Aug 12 02:00:00 CEST 1993,Premier League,2018/2019,Goalkeeper,0,England,0,0,0,0,0
Willian,33,Tue Aug 09 02:00:00 CEST 1988,Premier League,2018/2019,Forward,0,Brazil,3,2,1,0,0
Willy Boly,30,Sun Feb 03 01:00:00 CET 1991,Premier League,2018/2019,Defender,0,France,4,2,2,0,0
Xherdan Shaqiri,30,Thu Oct 10 01:00:00 CET 1991,Premier League,2018/2019,Midfielder,0,Switzerland,6,5,1,0,0
Yann Valery,22,Mon Feb 22 01:00:00 CET 1999,Premier League,2018/2019,Defender,0,France,2,1,1,0,0
Yerry Fernando Mina González,27,Fri Sep 23 02:00:00 CEST 1994,Premier League,2018/2019,Defender,0,Colombia,1,0,1,0,0
Yoshinori Muto,29,Wed Jul 15 02:00:00 CEST 1992,Premier League,2018/2019,Forward,0,Japan,1,0,1,0,0
Youri Tielemans,24,Wed May 07 02:00:00 CEST 1997,Premier League,2018/2019,Midfielder,0,Belgium,3,2,1,0,0
Yves Bissouma,25,Fri Aug 30 02:00:00 CEST 1996,Premier League,2018/2019,Midfielder,0,Mali,0,0,0,0,0
Zechariah Medley,21,Fri Jul 07 02:00:00 CEST 2000,Premier League,2018/2019,Defender,0,England,0,0,0,0,0
Zeze Steven Sessegnon,21,Thu May 18 02:00:00 CEST 2000,Premier League,2018/2019,Defender,0,England,0,0,0,0,0
Łukasz Fabiański,36,Thu Apr 18 02:00:00 CEST 1985,Premier League,2018/2019,Goalkeeper,0,Poland,0,0,0,0,0
